c_pos_x,c_pos_y,c_pos_z,c_rot_x,c_rot_y,c_rot_z,c_rot_w,h_pos_x,h_pos_y,h_pos_z,h_rot_x,h_rot_y,h_rot_z,h_rot_w
3.8282719,3.6282718,0.0,0.0,0.0,-0.0,-0.0,-0.0,1.0,0.0,0.0,0.0,-0.0,-0.0
-0.0,1.0,0.0010984391,-0.009978926,-0.772436,0.19255501,-0.058814127,-0.20564896,0.6268514,0.74920416,0.047587685,-0.02452397,-0.022526663,-0.11691324
0.10490439,0.040086824,-0.98677224,0.0004580468,-0.009978926,-0.772436,0.19255501,-0.058814127,-0.20564896,0.6268514,0.74920416,0.04634641,-0.025178503,-0.021566667
-0.1180998,0.10550183,0.040346142,-0.98655665,0.01647596,-0.009978926,-0.772436,0.19255501,-0.058814127,-0.20564896,0.6268514,0.74920416,0.045533277,-0.025361229
-0.021521365,-0.118967265,0.10658161,0.039482612,-0.9863713,0.01654081,-0.009978926,-0.772436,0.19255501,-0.058814127,-0.20564896,0.6268514,0.74920416,0.045201935
-0.025126567,-0.022235028,-0.117863275,0.10564284,0.039326843,-0.986611,0.21689253,-0.009978926,-0.772436,0.19255501,-0.058814127,-0.20564896,0.6268514,0.74920416
0.037356354,-0.019298516,-0.031810977,-0.09525351,0.059200495,0.03592985,-0.9930414,0.016128346,0.029533762,-0.33522728,0.06046046,-0.28390968,-0.55235887,-0.35469905
0.698916,0.036412664,-0.019045796,-0.031715937,-0.09560588,0.060737,0.036182344,-0.99290556,0.016711518,0.019424617,-0.34079278,0.009353663,-0.39282236,-0.67390454
-0.17611183,0.6004397,0.034407217,-0.018780626,-0.03155353,-0.09570849,0.06399864,0.036714353,-0.99267125,0.016576096,0.021911046,-0.3421187,0.017316688,-0.39704585
-0.6439967,-0.20455445,0.6211121,0.032322075,-0.018098896,-0.030810107,-0.093015715,0.0659582,0.035612047,-0.9928391,7.943809e-5,0.022996938,-0.3396991,0.02780116
-0.3597934,-0.6301042,-0.27919027,0.62894374,0.029822621,-0.019238494,-0.028076751,-0.09876353,0.07366041,0.033107266,-0.99182856,0.016660973,0.023678668,-0.33233923
0.012697157,-0.40852237,-0.6591856,-0.20342986,0.5976623,0.024261983,-0.028164934,-0.023997001,-0.15260799,0.08984641,0.028916063,-0.9837695,0.016682908,0.022401808
-0.33253735,0.011522868,-0.4092903,-0.65730214,-0.20369898,0.59911776,0.020641407,-0.029603083,-0.021511285,-0.16267736,0.098150715,0.019380914,-0.9815941,1.2367964e-6
0.017759828,-0.3359353,0.007058272,-0.4048709,-0.6628027,-0.19937102,0.59751433,0.021104278,-0.029698195,-0.019356988,-0.16408439,0.09981644,0.018010387,-0.981218
0.016630933,0.017645232,-0.33817843,0.0041740513,-0.40234256,-0.66623485,-0.19880657,0.5955902,0.022705762,-0.030709594,-0.018493218,-0.16772485,0.10056991,0.019805182
-0.9804906,0.00010471046,0.018711708,-0.33911988,0.0004224543,-0.40286058,-0.66559947,-0.2018492,0.59492654,0.024463316,-0.030385349,-0.020228002,-0.16700985,0.09655804
0.021571178,-0.98097855,0.016768739,0.019724518,-0.32962698,0.032400236,-0.3300716,-0.6596013,-0.3155951,0.5969747,0.0257687,-0.02981129,-0.021030752,-0.16258448
0.09514278,0.02442173,-0.98179317,0.016343877,0.015514037,-0.3337561,0.005564931,-0.39318058,-0.67579687,-0.23363873,0.57803166,0.024250265,-0.029925954,-0.02031361
-0.16330183,0.09389862,0.024937091,-0.9817809,5.1304698e-5,0.0131552,-0.33551103,-0.0039471807,-0.4126374,-0.6735445,-0.19840088,0.5802631,0.02137843,-0.029563488
-0.020222057,-0.1628841,0.095972754,0.02241411,-0.98171055,7.1808696e-5,0.0075609037,-0.33189544,0.001162848,-0.37347603,-0.69797057,-0.20309462,0.5762858,0.01921503
-0.030129049,-0.018513184,-0.16447993,0.09850985,0.021601489,-0.98121125,0.016675755,0.0039933184,-0.3323821,0.01077875,-0.3635318,-0.66838354,-0.2189246,0.6108847
0.016512223,-0.030967651,-0.016478581,-0.16844907,0.098738596,0.02038648,-0.9805407,0.016613767,0.0059141787,-0.33824408,0.005406615,-0.39104256,-0.6546492,-0.20686747
0.612965,0.015125528,-0.029389236,-0.014692574,-0.16219047,0.09994481,0.019758886,-0.9814861,0.01667194,0.006118856,-0.33977166,0.0056755356,-0.39468196,-0.6509554
-0.2074244,0.6143764,0.016149823,-0.029960329,-0.012351177,-0.1644575,0.09637731,0.020656964,-0.9814471,0.016649053,0.006095285,-0.3401329,0.005065756,-0.3960902
-0.6496946,-0.20700508,0.61494577,0.018914366,-0.030360762,-0.01297627,-0.16349351,0.09590538,0.022636821,-0.9816108,3.223121e-5,0.0064701233,-0.34006956,0.004737404
-0.39778125,-0.64905655,-0.20670137,0.6146302,0.021655135,-0.029620726,-0.014958497,-0.16068676,0.093986794,0.023759099,-0.98223305,9.422004e-5,0.017941779,-0.3309823
0.035258383,-0.35862055,-0.6483908,-0.2938724,0.60383755,0.023704013,-0.029494066,-0.016522996,-0.15818378,0.092153944,0.024719927,-0.98278916,0.01661472,0.016048716
-0.33542377,0.0036471644,-0.40567878,-0.6716876,-0.22097068,0.57916534,0.02614996,-0.029668886,-0.016856901,-0.1583604,0.089280486,0.026797213,-0.9829715,0.017102048
0.018050902,-0.3316345,3.008172e-7,-0.4089336,-0.6790461,-0.20331554,0.5747456,0.027408816,-0.03008921,-0.01738232,-0.16076037,0.08883869,0.026030276,-0.9826425
0.016253278,0.016899792,-0.3318085,0.0070308973,-0.35294807,-0.7382284,-0.22725908,0.528015,0.02771626,-0.030893143,-0.018893149,-0.16137663,0.08534125,0.025738373
-0.98285913,6.1795115e-5,0.023301873,-0.32215586,0.01930906,-0.37534827,-0.7004981,-0.2276761,0.56265426,0.027735692,-0.02945174,-0.019401608,-0.15815331,0.08481226
0.026518168,-0.983408,8.46833e-5,0.027799105,-0.31666994,0.06461244,-0.33786002,-0.66559553,-0.33337817,0.57592726,0.02635309,-0.029185897,-0.019517543,-0.15711169
0.08399085,0.028018098,-0.98360384,0.016633794,0.016752327,-0.33569205,0.007038991,-0.38064903,-0.65254754,-0.23161305,0.6128976,0.024205169,-0.029736564,-0.018122932
-0.16209207,0.08429558,0.026116662,-0.9828217,0.01669006,0.01762992,-0.33464816,0.0062599494,-0.4084077,-0.631213,-0.21438433,0.62354845,0.022483176,-0.028964702
-0.01739088,-0.15716244,0.08572096,0.026851872,-0.98347896,0.01656513,0.013362778,-0.33489457,0.005157466,-0.40526327,-0.6426058,-0.21495749,0.61368793,0.021088751
-0.028795136,-0.016605834,-0.15623964,0.08538929,0.026955497,-0.98365206,2.746284e-5,0.010387299,-0.32754305,0.0459044,-0.300615,-0.6475372,-0.34017652,0.6120509
0.020534577,-0.02915509,-0.014985142,-0.15600857,0.08673373,0.026372304,-0.9835869,3.223121e-5,0.012534216,-0.3299831,0.02338586,-0.350074,-0.6830872,-0.29180112
0.57069457,0.02094828,-0.030225119,-0.014322632,-0.1591092,0.08731343,0.027036581,-0.9830207,0.016698644,0.01666866,-0.3303079,0.015151598,-0.38541275,-0.6762571
-0.28716785,0.55827236,0.02102677,-0.029715322,-0.01546209,-0.15966114,0.0848691,0.02523604,-0.98319316,0.01661472,0.00073652144,-0.33021075,-0.011382848,-0.37237734
-0.7046715,-0.20431119,0.56835747,0.022940155,-0.0298096,-0.016675787,-0.1599694,0.08331493,0.026982738,-0.9832296,5.798042e-5,-0.000819626,-0.32176974,-0.0061922483
-0.3802679,-0.69609094,-0.2087367,0.5720864,0.024932368,-0.0318997,-0.019366538,-0.16062133,0.08267745,0.028000547,-0.98314863,1.0296702e-5,0.007637038,-0.32395792
-0.00661627,-0.40152103,-0.62818056,-0.21233578,0.6317306,0.024868421,-0.028859079,-0.023852605,-0.15669799,0.08024963,0.028083557,-0.98398024,1.7136335e-6,0.0058566923
-0.32468107,-0.012858377,-0.43053207,-0.43404832,-0.14650904,0.7776756,0.02569536,-0.02817199,-0.029094536,-0.15255074,0.07118163,0.027581768,-0.985343,0.01657848
-0.030188652,-0.32534418,0.0014928703,-0.1661647,-0.69133556,-0.047965746,0.7015296,0.02254355,-0.026173577,-0.030325549,-0.14926387,0.076493524,0.024891553,-0.9855199
0.006052777,-0.00245651,-0.32261115,0.011232799,-0.17502137,-0.6407778,-0.14490046,0.7333316,0.019941332,-0.024409931,-0.032574475,-0.14594959,0.076339975,0.024390314
-0.9860406,0.00097064674,0.0048359535,-0.32896262,0.0009586477,-0.17347246,-0.6467915,-0.108330525,0.734733,0.017464396,-0.021657042,-0.034641095,-0.137258,0.078570515
0.022036247,-0.9871684,0.00015334785,0.005914296,-0.33672267,-0.0052184165,-0.17145942,-0.67594725,-0.061602954,0.71407425,0.016968006,-0.021967229,-0.034668796,-0.13669455
0.07769865,0.02139052,-0.9873298,0.016477391,0.009037816,-0.3352888,-0.00019096266,-0.19231476,-0.62320423,-0.102956094,0.7510204,0.016959982,-0.02294192,-0.034719154
-0.13795477,0.07338959,0.023116073,-0.98744524,0.00035075843,0.0137026245,-0.33532152,0.008753627,-0.20031798,-0.59164166,-0.1658085,0.76311237,0.017313268,-0.022438888
-0.03495229,-0.13264957,0.0683411,0.025366412,-0.9884787,0.016425893,-0.0013881018,-0.34199142,0.010709694,-0.20513263,-0.59904516,-0.16484293,0.75623566,0.019925015
-0.022560213,-0.031796895,-0.13184607,0.06473494,0.026973832,-0.9887864,0.016855046,-0.0069266814,-0.3312471,0.0015073401,-0.27664125,-0.58313936,-0.14992853,0.74895895
0.021927154,-0.023617797,-0.03167288,-0.1332565,0.06318628,0.029581882,-0.9886228,2.746284e-5,-0.013704674,-0.32348928,-0.0064111366,-0.34961128,-0.56613606,-0.15664546
0.7298795,0.020811899,-0.024151467,-0.03169091,-0.1350865,0.067557245,0.026122844,-0.98818284,0.015219495,-0.044920474,-0.32536513,0.024765924,-0.3254951,-0.44618347
-0.09254847,0.8284976,0.020081695,-0.016928114,-0.03705523,-0.097886816,0.072934166,0.025885073,-0.99218386,0.2199934,-0.039580397,-0.36044413,0.22300646,0.051871706
-0.18180285,0.054927703,0.9804285,0.02214115,-0.035417728,-0.04036019,-0.20048007,0.06748846,0.029467491,-0.9769262,0.039489552,-0.015479432,-0.35969102,0.3617283
0.027955888,-0.02480533,0.041585032,0.99843574,0.019781962,-0.043199632,-0.037525423,-0.2376976,0.10164932,0.027853252,-0.9656042,0.008240506,-0.029701255,-0.3645493
0.35804525,0.057912223,-0.081154466,0.029039748,0.99459386,0.023076175,-0.043516032,-0.034943365,-0.2388795,0.10409315,0.026312366,-0.9650953,0.01642017,-0.037954446
-0.3615022,0.35394633,0.055455778,-0.09819402,0.033910256,0.9930422,0.026734088,-0.042269498,-0.030761205,-0.23828939,0.09998711,0.0290103,-0.9655978,0.016757771
-0.03680744,-0.3708704,0.3524779,0.050276827,-0.11255853,0.0174746,0.9922185,0.026219295,-0.045654938,-0.028540153,-0.24949674,0.100012414,0.027493276,-0.96280473
0.015232846,-0.039038304,-0.3759951,0.35066703,0.052667815,-0.11995206,0.014622557,0.9912738,0.02536026,-0.04521721,-0.027661432,-0.24750836,0.10157972,0.026926124
-0.9631699,0.00088863075,-0.045267478,-0.37527516,0.34129462,0.05621704,-0.121465586,0.01591107,0.9908747,0.020484848,-0.043771334,-0.030898642,-0.2394395,0.09573568
0.026090309,-0.96582747,0.00018958747,-0.04439959,-0.37592372,0.33770576,0.0718662,-0.12522393,0.03537006,0.9888899,0.013803808,-0.04401971,-0.033911854,-0.23860174
0.0963909,0.021735366,-0.96607745,0.016655728,-0.033783834,-0.3666608,0.31714115,0.08782109,-0.14963686,0.052234754,0.98344696,0.0074322615,-0.045997918,-0.035151254
-0.2438731,0.0990614,0.015367773,-0.9646122,0.01701431,-0.014763959,-0.35440695,0.30878493,0.102488466,-0.192141,0.1305058,0.9672364,-0.0041908566,-0.04611067
-0.03528526,-0.25032356,0.09768295,0.0038050064,-0.9632143,0.016300961,0.028360534,-0.2755143,0.29248902,-0.05579671,-0.16697322,0.10986454,0.9782313,-0.013457557
-0.032888837,-0.04144654,-0.18872583,0.10730593,-0.01052772,-0.9760928,0.016436383,0.062081445,-0.18985444,0.27927563,-0.21395156,-0.09681604,0.05477156,0.97049034
-0.01211001,-0.010858046,-0.060079407,-0.083973296,0.12057266,-0.00064194936,-0.9891463,0.00011138618,0.057218432,-0.12982814,0.31708243,-0.1886086,-0.09005913,0.13284117
0.96884954,-0.007812943,-0.017120209,-0.067754656,-0.10710641,0.11494265,-0.0035032916,-0.9875749,0.00044326484,0.01808547,-0.17482218,0.33725455,0.040463597,-0.22806542
0.3962245,0.8884566,-0.01655045,-0.041505035,-0.052141152,-0.23429935,0.1102134,-0.019350536,-0.96570307,0.016310498,0.00959896,-0.27105346,0.29004756,0.12763776
-0.29705504,0.57587,0.7508933,-0.025946774,-0.048549883,-0.043483898,-0.2601839,0.10704283,-0.03241166,-0.95905983,0.016558453,0.012341277,-0.2841072,0.29366928
0.13747585,-0.3028004,0.5779955,0.745207,-0.026300434,-0.046029046,-0.04035534,-0.25573236,0.1068666,-0.03240252,-0.9602763,7.133186e-5,0.012626893,-0.28494775
0.29351965,0.13879365,-0.30510017,0.5770069,0.74479073,-0.024131892,-0.04543306,-0.039311603,-0.25228146,0.107400544,-0.029953772,-0.9612086,7.896125e-5,0.012485165
-0.28672576,0.29407156,0.13861246,-0.3110959,0.57594764,0.74316245,-0.02255713,-0.045160063,-0.03852555,-0.24977687,0.10560107,-0.028223945,-0.962114,0.01653175
0.010887977,-0.28966004,0.29567412,0.1369598,-0.31247538,0.57597405,0.7428695,-0.023211824,-0.045567375,-0.037031442,-0.24913841,0.10440816,-0.027584905,-0.9624283
0.00032882392,0.010587335,-0.28904706,0.29600444,0.1361879,-0.31144893,0.57664394,0.74292284,-0.02252228,-0.044371106,-0.036570802,-0.2469168,0.10218123,-0.025681525
-0.96329206,0.016526029,0.011468759,-0.2863798,0.2971616,0.13523804,-0.30903932,0.5758871,0.7446875,-0.02186343,-0.04308735,-0.036737215,-0.2439182,0.101807445
-0.024949074,-0.9641145,0.00012092292,0.011448148,-0.283462,0.29952922,0.13495775,-0.3076256,0.57298523,0.7475566,-0.02071429,-0.042990923,-0.036985815,-0.24312986
0.10052597,-0.023539344,-0.9644835,0.00013236701,0.009293435,-0.28266537,0.29956982,0.13585232,-0.30925545,0.57154864,0.7478218,-0.020761918,-0.043125235,-0.036741715
-0.24437432,0.101472355,-0.022721078,-0.9640894,0.016299054,0.0052293884,-0.26063105,0.30813453,0.11687743,-0.289926,0.56476617,0.763755,-0.020081908,-0.04310853
-0.036055617,-0.24274302,0.09973658,-0.021634365,-0.96470743,9.994209e-5,0.0039083334,-0.25953802,0.30935124,0.11694577,-0.28873703,0.5645246,0.7643734,-0.019934446
-0.043232318,-0.035323843,-0.24325159,0.10141119,-0.0212562,-0.9644131,0.016665265,0.002607634,-0.26428398,0.31008208,0.11496598,-0.2888254,0.5672804,0.762598
-0.020829238,-0.04255426,-0.03507539,-0.24256253,0.10292761,-0.022205459,-0.96440464,0.01694183,0.0025578537,-0.2643171,0.31040433,0.111362666,-0.28485015,0.56800586
0.7640864,-0.020893784,-0.042727776,-0.03396623,-0.24245284,0.10233185,-0.020739812,-0.9645282,0.016403958,0.0014772678,-0.264587,0.3091897,0.11449678,-0.28033018
0.5610243,0.7704267,-0.022854185,-0.044399045,-0.03089587,-0.24920267,0.106253006,-0.02392659,-0.9623076,0.00048713386,0.006568423,-0.29430604,0.28720677,0.16122656
-0.31888953,0.56483084,0.743829,-0.024519054,-0.047477804,-0.02654631,-0.26170936,0.1067073,-0.027298793,-0.95884126,0.00023727119,0.011059631,-0.30894214,0.28145072
0.17593025,-0.32944924,0.5649194,0.7357839,-0.023173166,-0.048702978,-0.02525545,-0.2630051,0.102071285,-0.023231635,-0.9590986,0.00062827766,0.013245355,-0.3123174
0.28082034,0.18128163,-0.33281055,0.5653624,0.73262507,-0.02379261,-0.048741065,-0.026566558,-0.26259264,0.10127357,-0.022697998,-0.9593089,0.30029565,0.017597625
-0.3206103,0.28183568,0.18688507,-0.3327915,0.57331485,0.7250062,0.023180848,-0.020225156,-0.044280335,-0.08975684,0.16735946,0.010055682,-0.9817502,0.012846753
0.01541032,-0.7557189,0.21552102,0.3544783,-0.22234707,0.16759345,0.8926474,0.02600721,-0.018916024,-0.052307554,-0.080849916,0.16318966,0.014415724,-0.98317075
0.016650006,0.015409558,-0.7558541,0.21550034,0.35451928,-0.2223034,0.1674557,0.89266783,0.030269777,-0.017027428,-0.066072464,-0.063728005,0.15686113,0.020257995
-0.98535424,0.00014190376,0.01540889,-0.75597274,0.21548219,0.35455522,-0.22226511,0.16733485,0.8926858,0.034234248,-0.013187758,-0.07837795,-0.045529876,0.14714351
0.026920812,-0.9876999,0.016543195,0.015408203,-0.75609463,0.21546353,0.35459217,-0.22222573,0.16721067,0.8927042,0.037526086,-0.014231751,-0.0846871,-0.04892353
0.13778323,0.026070159,-0.98890984,1.41114e-5,0.0154076,-0.75620145,0.21544719,0.3546245,-0.22219121,0.16710185,0.8927203,0.036808237,-0.012764296,-0.08719033
-0.041810583,0.14535983,0.022957433,-0.98822844,2.1740794e-5,0.015407028,-0.75630313,0.21543163,0.35465527,-0.22215839,0.16699831,0.8927356,0.03195975,-0.01077889
-0.084238954,-0.040411334,0.1600529,0.014564205,-0.9861734,0.016600415,0.015406438,-0.75640756,0.21541564,0.3546869,-0.2221246,0.16689187,0.8927514,0.032244295
-0.010850681,-0.082690954,-0.046107847,0.16281421,0.013933605,-0.98548037,8.659065e-5,0.015405923,-0.7564991,0.21540162,0.35471457,-0.222095,0.16679862,0.89276516
0.032321826,-0.011683117,-0.08374101,-0.049701042,0.16077256,0.015858242,-0.9856118,0.016621396,0.015405392,-0.7565932,0.21538721,0.354743,-0.2220646,0.16670278
0.89277935,0.032892793,-0.012712214,-0.08757456,-0.04948491,0.16022016,0.016036585,-0.98570967,0.00011329353,-0.07027485,-0.25960973,0.3506878,-0.12716018,-0.21067962
0.100698315,0.96400434,0.028620409,-0.012162905,-0.08960505,-0.048996452,0.1634479,0.010623918,-0.98527724,4.8443675e-5,-0.0585182,-0.33099777,0.40057427,0.13310686
-0.1797398,0.18176614,0.9575684,0.028135406,-0.01921494,-0.084388405,-0.095177054,0.1438977,0.023381537,-0.98472744,0.016688153,-0.054537334,-0.33868814,0.38577577
0.091142304,-0.1848018,0.14773315,0.9673243,0.02642281,-0.032233406,-0.07439112,-0.1526773,0.1283443,0.027820854,-0.9795118,0.016608045,-0.05830325,-0.2960183
0.3702533,-0.007570366,-0.17014846,0.112036265,0.97899956,0.017891645,-0.017659925,-0.081695005,-0.08763946,0.15874845,0.028573038,-0.98300654,0.016621396,-0.07171275
-0.25215837,0.35645828,-0.038027316,-0.17784294,0.12204517,0.9757207,0.014201205,-0.014533467,-0.08710806,-0.06740467,0.16876635,0.026926668,-0.98297995,0.0167263
-0.07465015,-0.24948676,0.3540685,-0.04329604,-0.18123102,0.12496276,0.97450763,0.012892263,-0.015185204,-0.089469895,-0.066104144,0.17014284,0.022939313,-0.9829321
0.016552731,-0.07220577,-0.25106674,0.35324356,-0.045170065,-0.18259473,0.12949415,0.97357595,0.012649354,-0.014243672,-0.091436125,-0.063602634,0.16722336,0.020569522
-0.98365027,9.994209e-5,-0.070583604,-0.2521268,0.3502108,-0.048119113,-0.18123744,0.13500796,0.9729391,0.0125525445,-0.013871914,-0.09246715,-0.06114593,0.16485807
0.018639034,-0.9842437,0.0005043,-0.06949164,-0.2518831,0.3479171,-0.050789338,-0.17979813,0.13706236,0.97278315,0.011918152,-0.013674591,-0.09240864,-0.06111237
0.16415761,0.018153246,-0.9843719,0.0012081116,-0.07172538,-0.2541115,0.34514612,-0.052013006,-0.17918535,0.14035843,0.9723615,0.011530286,-0.0139236525,-0.09193069
-0.061733715,0.16410317,0.01864283,-0.9843331,0.004273221,-0.07235774,-0.25434804,0.3450165,-0.051848516,-0.1795007,0.14113434,0.9721998,0.010740846,-0.014101894
-0.09131017,-0.06198152,0.16357607,0.0186056,-0.98440593,0.0015132874,-0.07208905,-0.25451162,0.34468725,-0.05152044,-0.17998321,0.14214951,0.9719801,0.010567751
-0.013400198,-0.09113331,-0.060768355,0.1626877,0.01911554,-0.984619,0.0015323609,-0.071997285,-0.2554396,0.34468225,-0.05081514,-0.1804496,0.14268021,0.97185296
0.011205293,-0.013588076,-0.089709096,-0.060747623,0.16221917,0.019007225,-0.98469967,0.004334256,-0.07220692,-0.25653207,0.34473535,-0.049042646,-0.18134171,0.14255947
0.9717957,0.010427689,-0.013947969,-0.08848293,-0.061386045,0.16294727,0.01892717,-0.9845414,0.002539441,-0.072373785,-0.25693846,0.34495178,-0.04821716,-0.18171948
0.14230128,0.97180426,0.011004096,-0.013958091,-0.08764638,-0.061174545,0.16239658,0.019000912,-0.9846441,0.016569898,-0.072583646,-0.25701421,0.34512746,-0.047250718
-0.1823007,0.14111187,0.9719163,0.011622513,-0.013895167,-0.08708346,-0.06105204,0.16257152,0.01917537,-0.98461944,0.0005443543,-0.07017053,-0.25699154,0.3463484
-0.046319388,-0.18199088,0.13859534,0.97238123,0.013052046,-0.014303417,-0.08598976,-0.06099753,0.16043024,0.020415463,-0.98494905,0.004246518,-0.038524657,-0.257078
0.361262,-0.04205512,-0.14281437,0.10626296,0.9831295,0.013651621,-0.0155924065,-0.08474858,-0.065921076,0.1555276,0.025379049,-0.98530275,0.0035121888,-0.013470658
-0.26006904,0.36882314,-0.037168063,-0.10725889,0.071611196,0.9909521,0.013620248,-0.016589634,-0.08535352,-0.06980477,0.15375964,0.022633646,-0.98537964,9.994209e-5
-0.014699731,-0.25794634,0.3535718,-0.09956233,-0.05765463,0.022290193,0.99310946,0.019663211,-0.018587623,-0.08685012,-0.07870903,0.13202514,0.025491724,-0.9877877
0.016285703,-0.032229833,-0.27044106,0.32864755,-0.24836026,-0.045736447,-0.058609236,0.9658107,0.031077614,-0.020652816,-0.08740498,-0.08634907,0.08382465,0.019713838
-0.9925365,7.323921e-5,-0.048069157,-0.26737934,0.32649675,-0.25252149,-0.06075137,-0.050279,0.96437246,0.030625163,-0.01955914,-0.08716121,-0.082726195,0.10101043
0.023667447,-0.9911575,0.0026958436,-0.06327626,-0.26439914,0.3228706,-0.24941185,-0.13836361,-0.0072646663,0.9584344,0.03028856,-0.018872563,-0.08544845,-0.080710515
0.10261886,0.02131427,-0.99121183,0.0040424317,-0.05340814,-0.26702493,0.3338956,-0.23141004,-0.13000834,-0.015939143,0.96399856,0.031714097,-0.019205196,-0.08321293
-0.081602074,0.100175925,0.02161196,-0.9913823,0.0014579743,-0.037920177,-0.27220768,0.33522052,-0.24695975,-0.072974205,-0.016516883,0.96613294,0.031866558,-0.01985066
-0.08082185,-0.085001774,0.10335577,0.020338329,-0.990797,0.016541287,-0.006722943,-0.28482318,0.35206062,-0.19398484,-0.022355618,-0.10149072,0.97548443,0.031292077
-0.018455677,-0.07919841,-0.087041795,0.11026187,0.015719155,-0.98995906,0.0008724183,-0.0033823731,-0.2958445,0.35127243,-0.19002222,-0.00047213654,-0.07706992,0.97875005
0.026823819,-0.0176359,-0.07773507,-0.09243197,0.11628923,0.017821325,-0.9887445,0.004053876,-0.02937337,-0.32355842,0.3316549,-0.18787368,-0.11192809,0.041813098
0.97489864,0.0039480124,-0.019008221,-0.079437,-0.095551856,0.10074187,0.03278578,-0.9897707,0.0034625977,-0.048977435,-0.3590196,0.29718614,-0.23093513,-0.1567804
0.1354626,0.95065176,-0.048809014,-0.017118141,-0.07860127,-0.08464792,0.07379969,0.04035514,-0.9928544,0.00019721687,-0.067171216,-0.3746024,0.28440368,-0.21494347
-0.14849669,0.113847055,0.9585337,-0.12213342,-0.002887416,-0.069101825,-0.06206526,0.068453155,0.042028483,-0.9948345,0.016501233,-0.12713653,-0.38767034,0.264745
-0.24536496,-0.086657345,0.16075186,0.9520743,-0.18838215,-0.0017062493,-0.050538152,-0.07323119,0.047793802,0.05520947,-0.9946381,0.0027759522,-0.17994855,-0.39749965
0.26002443,-0.22127713,-0.113204576,0.14680706,0.9574283,-0.19874969,-0.00979928,-0.046382405,-0.108914815,0.052308265,0.043137062,-0.9917362,0.004208371,-0.1178694
-0.38334575,0.28504062,-0.18522187,0.04408368,0.057553563,0.9800189,-0.15020593,-0.02066215,-0.044634096,-0.11655825,0.06253811,0.03382119,-0.9906358,0.0012214631
-0.048065312,-0.38769034,0.28424534,-0.20286086,-0.0380161,0.06441874,0.9763465,-0.072623156,-0.023322348,-0.036760487,-0.12937409,0.06730828,0.009918646,-0.9892591
4.081428e-5,-0.039815705,-0.41224423,0.2527486,-0.20225587,-0.29122597,0.2379699,0.90424025,-0.03286827,-0.026779551,-0.04168041,-0.13580401,0.07566286,0.0135539435
-0.98774934,0.016566083,0.08746878,-0.39429662,0.28481677,-0.16099575,0.20509252,-0.22024417,0.9399521,-0.025774587,-0.028818835,-0.05368527,-0.11942907,0.0796688
0.035604425,-0.9890005,0.0006053895,-0.040539242,-0.41316375,0.24990906,-0.20512716,-0.26686957,0.19474241,0.921292,-0.032617174,-0.02926177,-0.060755614,-0.11743824
0.06984304,0.041848417,-0.9897368,0.016314313,0.0298796,-0.3779846,0.27290994,-0.20153305,0.024169683,-0.07299991,0.97645855,-0.043273807,-0.02895892,-0.06395245
-0.12094069,0.060262334,0.034931842,-0.9902129,0.0020893067,-0.034433227,-0.38858542,0.2559383,-0.19551493,-0.20532171,0.15398335,0.9465232,-0.04980832,-0.028339855
-0.06612628,-0.11848853,0.060262814,0.029749911,-0.9906784,0.28596193,-0.00871762,-0.36389327,0.27069733,-0.22035371,-0.020373324,0.03188575,0.97468585,-0.06539652
-0.023754437,-0.06352499,-0.11861632,0.083161935,0.012450729,-0.9893732,0.0011394471,-0.030026354,-0.3846088,0.24946788,-0.18384321,-0.12083794,0.08932145,0.9714019
-0.06020972,-0.024681166,-0.061116375,-0.12542154,0.087315306,0.017993491,-0.98809,0.0020645112,-0.026136834,-0.38422114,0.24772692,-0.18591115,-0.11987169,0.0862995
0.97140115,-0.055681944,-0.027167482,-0.06253073,-0.124012366,0.07996964,0.02810352,-0.98865366,0.20013885,-0.02449884,-0.38470548,0.24726011,-0.1866827,-0.11823523
0.08489679,0.9715774,-0.058204703,-0.02284284,-0.05911781,-0.11876352,0.12370192,0.0154071795,-0.98506635,0.0015151948,-0.051090676,-0.38932976,0.24541886,-0.19502212
-0.22444919,0.12150287,0.94700897,-0.059246168,-0.023556326,-0.056799643,-0.12662572,0.13633014,-0.0018114166,-0.9825359,0.0027816743,-0.043022282,-0.38459128,0.2496064
-0.19775762,-0.23333006,0.12832296,0.9433887,-0.054418992,-0.02477581,-0.056714334,-0.1275631,0.13884515,-0.0025940607,-0.9820606,0.0062683076,-0.04054053,-0.3838664
0.24949889,-0.1980207,-0.23338877,0.12817277,0.9433394,-0.05278864,-0.02310197,-0.057967566,-0.12411325,0.1352018,0.0041803964,-0.98300505,0.002873227,-0.037256844
-0.38326097,0.24967633,-0.19806047,-0.226263,0.1226452,0.94579875,-0.052078165,-0.023240343,-0.059637763,-0.117984384,0.12489077,0.01742623,-0.9849763,0.06686096
-0.036962803,-0.385266,0.2484128,-0.19761184,-0.21887536,0.11754743,0.9482752,-0.05604486,-0.021947894,-0.060235918,-0.119241334,0.13582762,0.008714407,-0.98349196
0.07594757,-0.04360395,-0.3867897,0.24658793,-0.19554506,-0.21733533,0.112383075,0.9496829,-0.056087125,-0.021986235,-0.058808025,-0.12346788,0.15418752,-0.0010658344
-0.9802963,0.07604675,-0.054655377,-0.38798252,0.24405329,-0.19508024,-0.24142705,0.11791121,0.9432676,-0.054452226,-0.022559159,-0.0577393,-0.12772001,0.1558142
0.0036032258,-0.97948796,0.18433075,-0.054199383,-0.387941,0.24404295,-0.19488557,-0.24438891,0.11732005,0.94261855,-0.056769915,-0.019996528,-0.05897122,-0.12195091
0.13303162,0.009025442,-0.9835391,0.0034454316,-0.03647107,-0.38085398,0.2476547,-0.19217627,-0.2114703,0.11250968,0.95167756,-0.05815037,-0.019033916,-0.06273469
-0.118974485,0.13150792,0.009742911,-0.98410153,0.01664047,-0.03640538,-0.38085416,0.24761347,-0.19218944,-0.21151118,0.11253678,0.95166266,-0.05769149,-0.018965632
-0.06405952,-0.11771196,0.12970948,0.0092351055,-0.9844969,0.00016097724,-0.037629884,-0.3827309,0.24696434,-0.18698683,-0.21150063,0.11583391,0.9523056,-0.058326863
-0.016252019,-0.0670373,-0.10405484,0.13320805,0.010514426,-0.9855545,0.08364563,-0.049018472,-0.3919468,0.25648612,-0.117265455,-0.20193559,0.14623973,0.96129334
-0.058483332,-0.012772903,-0.0702813,-0.08411386,0.13810135,0.016657235,-0.9866993,0.016320035,-0.074844316,-0.31527668,0.31131977,-0.07875398,-0.18612608,0.15646648
0.96678495,-0.04977504,0.006430051,-0.09171391,0.03990528,0.11592022,0.03172665,-0.9919494,0.016644284,-0.044546265,-0.14597407,0.4241344,-0.089455254,-0.08613917
0.24403013,0.9617833,-0.04753183,0.011205938,-0.0991662,0.058144532,0.08051484,0.034665097,-0.99445206,5.0351024e-5,-0.02240471,-0.040484436,0.4745705,-0.07742749
-0.05043796,0.2747659,0.95706046,-0.05155716,0.007966471,-0.10125089,0.0594191,0.06886262,0.03375479,-0.9952828,0.00012283027,-0.018792232,-0.006677131,0.48764986
-0.090557955,-0.027090602,0.302499,0.9484513,-0.051870447,0.0052348343,-0.09856991,0.05885871,0.07528194,0.018049462,-0.99526,0.00013045967,-0.02005294,0.0154475495
0.4919192,-0.09788068,-0.029630424,0.31439352,0.9437681,-0.045432284,0.0056706956,-0.087502494,0.053470995,0.0825495,0.0053000213,-0.99513733,6.942451e-5,-0.01734865
0.021626715,0.49814224,-0.10528997,-0.030578203,0.32297593,0.94003487,-0.041378442,0.0058264458,-0.074520975,0.039486382,0.088007025,0.009494079,-0.99529165,0.00015334785
-0.015346198,0.02248662,0.50726753,-0.10609445,-0.025966082,0.3237823,0.93980575,-0.04251316,0.0044222176,-0.0636208,0.03455466,0.09003009,0.012908684,-0.9952557
0.16669159,-0.015346198,0.02248662,0.50726753,-0.10609445,-0.025966082,0.3237823,0.93980575,-0.05033022,0.00468836,-0.058371723,0.031777207,0.088585585,0.018264556
-0.995394,0.016278073,-0.024070349,0.019000683,0.5132169,-0.10545847,-0.025158752,0.32573923,0.9392228,-0.054081026,0.0051048854,-0.055529207,0.029603632,0.08646361
0.0165016,-0.99567837,0.2666939,-0.022706559,0.019316548,0.515745,-0.10438435,-0.023393609,0.32747,0.9387865,-0.06017123,0.0038646671,-0.057269532,0.026680296
0.08629148,0.010446721,-0.99585783,0.33264238,-0.026499426,0.022506937,0.5157008,-0.10703969,-0.017086297,0.33847454,0.9347116,-0.06289374,0.0021743842,-0.059582554
0.018683828,0.08955252,0.009658184,-0.99576,0.3163002,-0.028571801,0.018507127,0.51269513,-0.10463015,-0.015179743,0.34683922,0.93194675,-0.061073802,0.0025325485
-0.05971662,0.019455347,0.090920374,0.010624816,-0.9956114,0.012715146,-0.027976703,0.01665193,0.5124645,-0.104425445,-0.013355962,0.3521551,0.93000203,-0.06172664
0.0028480017,-0.05856423,0.018251961,0.093492694,0.008216436,-0.9954187,0.23327331,-0.027835326,0.01638776,0.512891,-0.10407946,-0.013247984,0.35257623,0.92988276
-0.06424355,0.0025062156,-0.052737284,0.016226877,0.09436421,0.0062417365,-0.99538594,0.33320695,-0.032864723,0.013859051,0.5197485,-0.10233661,-0.016006706,0.35782832
0.92802477,-0.06520034,0.0016518936,-0.052959472,0.014670766,0.0976521,0.00522249,-0.99509877,0.016464993,-0.033658683,0.016305221,0.51936525,-0.10638325,-0.0128371585
0.36130401,0.92627066,-0.06479399,0.0011886295,-0.056063674,0.015199328,0.09682627,0.006225642,-0.99516577,0.1501091,-0.033658683,0.016305221,0.51936525,-0.10638325
-0.0128371585,0.36130401,0.92627066,-0.06568092,-0.00074539176,-0.055763036,0.009502517,0.09718569,0.0046294294,-0.9952102,0.29977113,-0.035615716,0.01301047,0.51644593
-0.105451316,-0.012278279,0.36525798,0.92483294,-0.06506062,-0.00017143541,-0.05409605,0.0099792555,0.09871022,0.0052608117,-0.9950523,0.3163994,-0.038046747,0.010582943
0.51831526,-0.106349684,-0.009661848,0.37361053,0.92141825,-0.06659574,-9.949203e-5,-0.04971881,0.008590845,0.09931366,0.00353871,-0.9950128,0.016415402,-0.042908646
0.01023712,0.5224423,-0.110031225,-0.010626865,0.37883347,0.9188392,-0.06637205,-0.00079601916,-0.050260633,0.0071284794,0.10101864,0.0038740085,-0.99485147,0.1500328
-0.042891275,0.01025851,0.5224168,-0.11004941,-0.010614208,0.37886676,0.9188234,-0.06654762,-0.0009203144,-0.051770203,0.0076079066,0.09907125,0.004162247,-0.99504256
0.016094968,-0.041647382,0.0076890443,0.5224332,-0.10883028,-0.0086776,0.3817175,0.91780853,-0.06552744,-0.0009918506,-0.052916836,0.008708048,0.09952324,0.0044977786
-0.994987,0.016651914,-0.03918495,0.009379915,0.52214974,-0.10891857,-0.0072777066,0.3816428,0.9178413,-0.06501913,-0.0010656724,-0.054717645,0.00997314,0.10009184
0.004230254,-0.99491924,0.00011138618,-0.026214115,0.024415702,0.51665163,-0.11584484,0.009983719,0.37352198,0.9203052,-0.06467167,-0.00044796336,-0.056384593,0.0118744625
0.097466566,0.005969111,-0.99515,0.000119015574,-0.015262591,0.034349684,0.5119464,-0.12012182,0.020221913,0.3716136,0.92036146,-0.06314856,-0.000514247,-0.058149237
0.012965494,0.095388696,0.0066126157,-0.99533373,0.035168454,-0.014468288,0.03423652,0.5115295,-0.1202437,0.020856038,0.37170607,0.92029405,-0.06280076,0.00060046976
-0.060933143,0.016304743,0.093974985,0.008029234,-0.99540865,0.016339108,-0.016446047,0.031589385,0.50867164,-0.121259585,0.021761913,0.3729493,0.91963655,-0.06415181
0.00089127495,-0.061766602,0.013466492,0.0962097,0.0069027585,-0.99524605,0.00014190376,-0.029889539,0.02186748,0.5083081,-0.12028171,0.009522684,0.37779456,0.91799396
-0.06555849,0.0011779296,-0.06305056,0.012028617,0.09870707,0.005342648,-0.9950295,0.016495511,-0.042360805,0.012754912,0.50856376,-0.116091214,-0.0037096718,0.38267612
0.9165523,-0.06688237,0.0012634895,-0.062793866,0.011554764,0.10074437,0.004984102,-0.99483275,0.3167122,-0.046083502,0.010800296,0.510172,-0.11497401,-0.0065182685
0.38608864,0.91524535,-0.06526133,-0.00032398885,-0.0633403,0.0116202235,0.112735294,0.0054666023,-0.99354213,0.013996884,-0.09574086,0.0014267839,0.5019821,-0.12902263
-0.043491084,0.40810448,0.90272504,-0.06542444,-0.00058677833,-0.06182488,0.0124733355,0.12204713,0.0074542714,-0.992418,0.00013045967,-0.10457511,0.00060420745,0.5039162
-0.13225622,-0.05114157,0.4068274,0.90243244,-0.06526579,-0.001175242,-0.059597313,0.0105605,0.12969242,0.0073830155,-0.9914705,4.5746565e-6,-0.11122051,-0.0010442433
0.5035022,-0.13485044,-0.058809455,0.4059961,0.90195566,-0.06380386,-0.0012789808,-0.05830888,0.010950791,0.13175315,0.010103953,-0.9911706,0.28347474,-0.11116044
-0.0013034084,0.5041829,-0.13564442,-0.05993237,0.4057202,0.9018868,-0.0721308,-0.001109178,-0.054807395,0.0073075998,0.13296689,0.004093721,-0.9910851,0.016156003
-0.11036436,-0.0015377447,0.5102677,-0.13693197,-0.05684141,0.402543,0.9033149,-0.0720328,-0.0015486963,-0.054469287,0.004867866,0.13105597,0.0037654538,-0.9913559
0.016777799,-0.11039715,-0.0016414601,0.5101371,-0.13697824,-0.05675699,0.40260977,0.9032835,-0.0707432,-0.0011246904,-0.054419097,0.0046695964,0.1304616,0.0045677493
-0.99143183,0.01656036,-0.11046312,-0.0020431709,0.5095372,-0.13683808,-0.056673102,0.4030857,0.9030977,-0.07101565,-0.0010793906,-0.056168288,0.0066899,0.13088137
0.0029829168,-0.99137104,0.18325882,-0.11046362,-0.0020568464,0.5095122,-0.13683288,-0.056670133,0.40310234,0.90309125,-0.07408008,-0.00090620125,-0.06266927,0.0059996466
0.12948923,0.00024882494,-0.99156266,0.015240476,-0.11623673,-0.002588668,0.50349903,-0.13695475,-0.055418637,0.40733862,0.90124774,-0.07521866,-0.0012020406,-0.0628165
0.004269558,0.1298889,0.00012865868,-0.9915194,1.2204051e-5,-0.11630912,-0.0026023271,0.5034739,-0.1369864,-0.05541573,0.40742883,0.9012023,-0.0755253,-0.0009653857
-0.063720725,0.0063949153,0.129464,-0.0004680968,-0.9915634,0.30024034,-0.1163193,-0.0025980233,0.50343984,-0.13702111,-0.05538433,0.40752345,0.9011562,-0.07109314
-0.0014148293,-0.06829728,0.0046568355,0.12742694,0.001744385,-0.99183553,0.015930936,-0.11018406,-0.007465144,0.49526724,-0.13607392,-0.053777836,0.40350264,0.903204
-0.07220046,-0.0006557362,-0.06957001,0.006620341,0.1266863,0.0016655972,-0.99191934,0.016743466,-0.11045497,-0.007623107,0.49506968,-0.13601255,-0.053765826,0.40380076
0.9030807,-0.0732912,-0.00026897714,-0.07093638,0.006481556,0.12634201,0.0005461137,-0.9919654,0.23337631,-0.11056987,-0.0075676655,0.49504605,-0.13599521,-0.053756624
0.40389338,0.90304244,-0.074547455,-0.0016053319,-0.081553474,0.0044795284,0.12766731,-0.0019722825,-0.99180496,0.015621945,-0.11497939,-0.004938567,0.48410013,-0.13811179
-0.058768917,0.4041348,0.90230066,-0.07428701,-0.0021724117,-0.08443965,0.005555057,0.1271017,-0.0016557362,-0.9918728,0.2833107,-0.11459856,-0.00482174,0.4836547
-0.13818471,-0.05854847,0.40414062,0.90230125,-0.076007456,-0.001391376,-0.0824969,0.009087169,0.122788474,-0.0018947634,-0.99238944,0.016171262,-0.10957652,-0.004999401
0.48642033,-0.1355008,-0.054070707,0.40315828,0.90342647,-0.0779258,-0.0017310135,-0.081745565,0.008230296,0.12137627,-0.0035421085,-0.99256617,0.16692428,-0.109572
-0.005000059,0.48641574,-0.1355013,-0.0540623,0.40316308,0.90342474,-0.07820661,-0.0018827152,-0.082837135,0.008109367,0.122392274,-0.0040871995,-0.9924403,0.016175076
-0.11311777,-0.0077659753,0.48698154,-0.13853438,-0.055355873,0.4096632,0.89995563,-0.07920698,-0.002006568,-0.0823548,0.007385554,0.12365538,-0.004998306,-0.99228513
0.19990997,-0.11363671,-0.008142638,0.48758566,-0.13815019,-0.05524336,0.4101664,0.8997924,-0.07870275,-0.00089026196,-0.07521811,0.007524325,0.12559839,-0.003615167
-0.99204606,0.016114041,-0.113677494,-0.010248508,0.49341193,-0.14422621,-0.04784236,0.41119075,0.89879483,-0.07935388,-0.0014591245,-0.07429509,0.0064066686,0.1259249
-0.004736087,-0.9920078,0.26677018,-0.11373448,-0.0102611175,0.49343777,-0.14422251,-0.04784151,0.41120198,0.89879036,-0.08263202,-0.0024363878,-0.076857574,0.007281223
0.12340617,-0.0062091993,-0.9923101,0.016094968,-0.11749592,-0.013447905,0.4912584,-0.14070334,-0.053132363,0.41351712,0.89798844,-0.082885176,-0.0027377047,-0.07754962
0.005386462,0.122474864,-0.005927937,-0.99243927,0.016239926,-0.114206746,-0.009975672,0.49238744,-0.14043927,-0.047059353,0.41370258,0.89828306,-0.08332412,-0.0021506716
-0.07795321,0.0069373483,0.12463831,-0.00608453,-0.99215937,8.46833e-5,-0.09342715,0.0020941114,0.49647325,-0.13602644,-0.017540896,0.40215933,0.9052387,-0.08326352
-0.0019375267,-0.07748613,0.0073396587,0.12331265,-0.006028226,-0.99232244,0.01663284,-0.073946096,0.009194996,0.49739856,-0.13378856,0.00463155,0.40352884,0.9051208
-0.08128119,-0.0013293393,-0.07697744,0.0066217277,0.11767489,-0.0045052986,-0.99301994,7.599592e-7,-0.06444103,0.010751119,0.49804467,-0.13146468,0.012068999,0.4038637
0.90524334,-0.080194846,-0.0010197627,-0.07740815,0.008393155,0.11347054,-0.0030752274,-0.9935012,0.05952911,-0.0643352,0.01079141,0.49798426,-0.13146098,0.012158535
0.40386277,0.9052431,-0.08057812,-0.00070696976,-0.077937014,0.010615246,0.11358645,-0.0029615236,-0.99346703,0.0011680573,-0.06740764,0.009723653,0.4964237,-0.13483423
0.012937855,0.40387517,0.90473044,-0.08076218,-0.0006015075,-0.07773954,0.010857912,0.11407884,-0.0030326429,-0.9934078,5.0351024e-5,-0.07616594,0.0058356645,0.49603844
-0.13640441,0.0059247767,0.40614012,0.90355355,-0.07984925,0.0002666174,-0.07699041,0.008546801,0.11495202,-0.004481698,-0.9933242,0.0006759614,-0.10262986,-0.013428195
0.49314967,-0.13504212,-0.02816469,0.40986395,0.90165514,-0.07909333,-0.0015803719,-0.078474134,0.008205713,0.1194479,-0.0036808366,-0.99279976,0.0007484406,-0.12505054
-0.022459285,0.4893839,-0.13681988,-0.0481359,0.41238102,0.89939153,-0.079707146,-0.0013907668,-0.079449356,0.008043984,0.12712342,-0.0023635698,-0.99185145,0.14998321
-0.12804691,-0.023310835,0.48870668,-0.13734886,-0.05086322,0.41323498,0.89876866,-0.07909213,-0.0012542069,-0.08596538,0.008042952,0.12939805,-0.004362002,-0.9915505
0.014378354,-0.11286079,-0.020470452,0.48539168,-0.13535948,-0.04746568,0.4133826,0.89918834,-0.07702088,-0.0007485295,-0.08718544,0.008721454,0.12758915,-0.0008109796
-0.9917885,0.01681213,-0.11371806,-0.0196821,0.48342943,-0.13524267,-0.04699509,0.4130204,0.899397,-0.07775929,-0.0010052377,-0.08863215,0.01059332,0.12788768
-0.0016525032,-0.99173075,0.16638641,-0.11412842,-0.019555088,0.48293462,-0.13534805,-0.04701753,0.4129977,0.89939046,-0.07979336,-0.0008084442,-0.08516636,0.009865831
0.12949051,-0.0047650314,-0.99152017,0.015961453,-0.12286925,-0.019796547,0.48625222,-0.14049314,-0.050762024,0.415598,0.8971975,-0.07924052,-0.00083784224,-0.08293095
0.008499015,0.12889215,-0.0030223487,-0.9916176,0.183255,-0.122862056,-0.019796828,0.486265,-0.14049362,-0.050763268,0.41559437,0.8971989,-0.08123107,-0.0021731376
-0.07996315,0.006087392,0.1267857,-0.0047344877,-0.99190015,0.26562577,-0.12132071,-0.0207173,0.49042362,-0.1401652,-0.048652142,0.4145859,0.89783365,-0.08263918
-0.0012595122,-0.07713623,0.0066525186,0.12738176,-0.006112019,-0.99181265,0.18271713,-0.121326365,-0.020731525,0.49044183,-0.14016442,-0.048656955,0.41458723,0.8978329
-0.082146876,-0.0021523773,-0.07433106,0.0046828547,0.1252303,-0.0053331675,-0.9921023,0.28345948,-0.1234281,-0.02646985,0.49503306,-0.14056961,-0.049830075,0.4179786
0.89613116,-0.08633511,-0.0013993258,-0.06901244,0.0046211584,0.12695639,-0.009395726,-0.99185306,0.282811,-0.12498488,-0.02944145,0.50398535,-0.1431937,-0.047476485
0.4202461,0.894782,-0.08721176,-0.0016122309,-0.06599484,0.003123233,0.12234378,-0.0107399095,-0.9924248,0.23280792,-0.12221912,-0.03275159,0.5062025,-0.14017023
-0.04570145,0.4213735,0.89482296,-0.08971917,-0.0010893525,-0.06492873,0.003080016,0.12115053,-0.012487235,-0.99255085,0.016117856,-0.12523736,-0.034110546,0.5053291
-0.14233337,-0.047325913,0.42557138,0.8924072,-0.08970975,-0.0014063759,-0.065589994,0.00282606,0.121578686,-0.011559062,-0.9925105,0.15008621,-0.12523805,-0.034117416
0.50532657,-0.14233074,-0.047328267,0.4255715,0.8924074,-0.0890345,-0.0013749088,-0.066843994,0.003182805,0.12065181,-0.012212068,-0.99261475,0.016026303,-0.12381312
-0.033582896,0.5037882,-0.14000428,-0.048430443,0.4210741,0.8948463,-0.08919528,-0.0014717283,-0.06734795,0.0034371375,0.12038179,-0.011411998,-0.9926562,0.016861722
-0.11671945,-0.025527528,0.5069275,-0.14168333,-0.035347644,0.41303414,0.8989323,-0.0900269,-0.00074600696,-0.068421274,0.004978864,0.12075862,-0.012288199,-0.9925934
0.016548917,-0.1040885,-0.011557873,0.5060545,-0.14599288,-0.018342102,0.406152,0.9018815,-0.09000116,-0.0005896044,-0.07044364,0.0065835435,0.11745709,-0.012644393
-0.99297565,0.016598508,-0.09850222,-0.0061035017,0.5037043,-0.14893298,-0.00893296,0.40341645,0.9027704,-0.08902991,-0.0001269232,-0.07295613,0.01028635,0.11613996
-0.01220392,-0.99310464,0.14829712,-0.09838635,-0.006107906,0.50368375,-0.1489572,-0.008761449,0.4034107,0.90277064,-0.088574186,-0.00013120158,-0.074598745,0.009261831
0.11881867,-0.0114859715,-0.9928064,1.2204051e-5,-0.09872594,-0.007502455,0.5012442,-0.15114783,-0.005059316,0.40333405,0.90246904,-0.08880389,-0.00040517998,-0.07442568
0.008619791,0.11932797,-0.011437394,-0.99275166,0.016663358,-0.10624459,-0.018354911,0.49937946,-0.14759323,-0.011606686,0.4057772,0.9019016,-0.08817579,-0.0009477899
-0.07416567,0.0062310635,0.11892125,-0.0120806275,-0.99281067,9.612739e-5,-0.12388582,-0.03645564,0.49548635,-0.14072792,-0.038435414,0.41170868,0.89956343,-0.089138776
-0.0010854163,-0.07499324,0.006631817,0.119426824,-0.01214956,-0.99274653,9.231269e-5,-0.13509957,-0.04721642,0.49445987,-0.13897572,-0.05119376,0.42035756,0.8951897
-0.08934525,-0.0001736728,-0.074870765,0.0058394284,0.12371037,-0.012044407,-0.9922281,0.14976959,-0.13562617,-0.047597703,0.4944057,-0.13890745,-0.051800605,0.42070594
0.89500165,-0.08698912,-0.0010498487,-0.074483745,0.0066649425,0.12391377,-0.010213142,-0.9922181,0.014111325,-0.12872094,-0.04393008,0.49649367,-0.13866839,-0.054501873
0.41972178,0.8953403,-0.087442294,-0.001561882,-0.0737945,0.005799742,0.12308262,-0.01025936,-0.99232644,0.00042419136,-0.12951425,-0.04251909,0.49675736,-0.13914162
-0.05361976,0.4189398,0.8956863,-0.08838652,-0.0018055019,-0.07450822,0.006013037,0.12540485,-0.011272468,-0.99202347,4.6536326e-5,-0.1275818,-0.03394309,0.49626756
-0.14334232,-0.04464526,0.41572547,0.8970129,-0.08867123,-0.0012483196,-0.07536629,0.0071067563,0.125482,-0.011424939,-0.9920047,0.21669464,-0.12753417,-0.033756014
0.49600536,-0.14351846,-0.04431469,0.4156809,0.89702183,-0.09109159,-0.0005698385,-0.07412393,0.007143157,0.12616555,-0.011874186,-0.9919124,0.016144559,-0.12910275
-0.036237948,0.4984506,-0.14310272,-0.043415822,0.4147321,0.89757115,-0.091333106,-0.0006136328,-0.07417082,0.007303655,0.1255249,-0.011058861,-0.99200195,0.23344116
-0.12908688,-0.03624952,0.4984402,-0.14309597,-0.043408755,0.41472733,0.89757484,-0.09094967,-0.0005855875,-0.079560734,0.0065368367,0.1254551,-0.013182483,-0.9919902
0.28235322,-0.12892964,-0.036539003,0.49258015,-0.14246146,-0.044760644,0.4138666,0.89800656,-0.08922011,-0.0011700189,-0.08359608,0.008625557,0.12581825,-0.012542603
-0.99193656,0.015930936,-0.1294157,-0.036254846,0.49024603,-0.14160442,-0.047224924,0.41369548,0.8980947,-0.090349786,-0.0010594013,-0.08423765,0.009252791,0.12880845
-0.014081258,-0.99152637,0.13333587,-0.12943283,-0.036270663,0.49022684,-0.14159939,-0.047246378,0.41370082,0.8980919,-0.08653218,-0.00074881694,-0.089083984,0.009239571
0.1267181,-0.012109175,-0.9918218,0.015774533,-0.12316318,-0.034818526,0.48482776,-0.14066674,-0.046440743,0.40919772,0.90034074,-0.08712937,-0.00044971152,-0.090746
0.008788175,0.1256426,-0.012521466,-0.99195766,0.13333206,-0.12316318,-0.034818526,0.48482776,-0.14066674,-0.046440743,0.40919772,0.90034074,-0.08694239,-0.0004977708
-0.09013291,0.011678083,0.12875505,-0.012955739,-0.991523,0.016239926,-0.12626076,-0.033738147,0.48544347,-0.1390938,-0.049461808,0.40707678,0.90138507,-0.08597436
-0.00054943847,-0.08817935,0.01400094,0.1279259,-0.010820132,-0.99162585,0.2001007,-0.12607542,-0.03398516,0.4854878,-0.139019,-0.049444325,0.4070447,0.901412
-0.08830775,-0.0009171662,-0.085647054,0.012820393,0.12814167,-0.011081874,-0.9916111,0.015927121,-0.12643379,-0.035612717,0.4897512,-0.13897248,-0.047406107,0.40243638
0.9035952,-0.08763693,-0.0014061723,-0.08677018,0.013165872,0.12789537,-0.011637747,-0.991632,0.18342285,-0.12654226,-0.035758436,0.48947316,-0.13898383,-0.04745089
0.4024985,0.90356344,-0.08983785,-0.0013560359,-0.086410254,0.01077883,0.13059492,-0.012716077,-0.9912957,0.016262814,-0.13101102,-0.03723348,0.48984355,-0.13824764
-0.050135884,0.4030929,0.9032664,-0.090021074,-0.0011529588,-0.08566668,0.011798993,0.13027738,-0.012257935,-0.9913316,0.18335418,-0.13100459,-0.03723845,0.4898386
-0.1382489,-0.05013535,0.40309444,0.90326554,-0.09060814,-0.00045364787,-0.08777119,0.013206887,0.13239862,-0.01140205,-0.991043,0.015850827,-0.13000298,-0.03620488
0.48752582,-0.1410627,-0.04579107,0.40254775,0.903305,-0.089699455,-0.0007398292,-0.086871505,0.01141768,0.13340105,-0.012363632,-0.99091923,0.016720578,-0.1270508
-0.034184095,0.48827842,-0.14220625,-0.04354496,0.4020296,0.9034675,-0.08862581,-0.00035886257,-0.086367935,0.013125141,0.13156556,-0.011152609,-0.9911578,0.016728207
-0.1096326,-0.026046019,0.49220142,-0.14246762,-0.027852513,0.39357945,0.90775687,-0.086395286,-7.938541e-5,-0.0863588,0.0143141365,0.12758327,-0.009537069,-0.9916787
0.01656799,-0.094779,-0.013794795,0.49101526,-0.1461042,-0.01186762,0.38680118,0.9104381,-0.08540977,-0.0005865289,-0.08864164,0.015730096,0.1230903,-0.008876361
-0.9922311,0.1482666,-0.09335503,-0.012720594,0.4901126,-0.14655474,-0.010342555,0.38736242,0.91014564,-0.0879457,-0.0005010166,-0.08958091,0.016331635,0.12487657
-0.010504063,-0.9919823,0.01643829,-0.095537096,-0.015952183,0.49051836,-0.14883603,-0.0077798315,0.38921824,0.90900856,-0.08924248,-0.0005538006,-0.08870758,0.014323463
0.1242835,-0.011130837,-0.9920809,1.9833446e-5,-0.10249877,-0.026316404,0.49003223,-0.14572085,-0.013069167,0.3910653,0.9086598,-0.090023756,-0.00065788586,-0.08824046
0.014397663,0.12489283,-0.0119208265,-0.9919942,0.000119015574,-0.11360504,-0.0444627,0.48712125,-0.13940026,-0.034781355,0.38622165,0.911148,-0.08996237,-0.0010763109
-0.08775581,0.011501369,0.12706956,-0.011833123,-0.99175656,0.016682431,-0.12632574,-0.05584025,0.4719183,-0.12347777,-0.09360397,0.28774685,0.94508904,-0.08826215
-0.0013232167,-0.08728708,0.012358523,0.13147776,-0.010632595,-0.99118507,0.13333587,-0.12655294,-0.055779662,0.47062096,-0.11980305,-0.1002298,0.27201605,0.94953066
-0.0835464,-0.0016051607,-0.08490184,0.009179925,0.14332953,-0.0040397067,-0.98962426,0.014126584,-0.12752764,-0.07535213,0.43244955,-0.10048863,-0.16119604,0.04930586
0.98055434,-0.082085185,-0.0016185432,-0.08284961,0.008489654,0.13659135,-0.0026861683,-0.9905875,0.016735837,-0.12323264,-0.07154111,0.43281597,-0.10433029,-0.15930904
0.055628218,0.9801231,-0.08157848,-0.0009387307,-0.08125021,0.011214151,0.13111886,-0.0012550736,-0.9913025,4.5746565e-6,-0.10722211,-0.056041703,0.4401538,-0.11475504
-0.13536887,0.07097405,0.9815647,-0.08190272,-4.63007e-5,-0.07993944,0.014486334,0.12388187,-0.002173259,-0.9921889,0.00019530952,-0.10165257,-0.052422777,0.44294196
-0.117109016,-0.12719056,0.07979094,0.9817034,-0.08110998,-0.00013214757,-0.078695446,0.014691098,0.12138906,-0.0010760041,-0.9924958,0.016522214,-0.09086369,-0.048746075
0.44929528,-0.117740594,-0.109288074,0.08383032,0.9834459,-0.082032785,-0.00031249633,-0.077640384,0.013216754,0.12082064,-0.00080067385,-0.9925861,0.016636655,-0.08545127
-0.04966203,0.4530815,-0.11603845,-0.10073723,0.08415355,0.984533,-0.08195202,-0.00030137296,-0.07568992,0.013148906,0.1198042,-0.00073856267,-0.99271023,0.2835663
-0.08556303,-0.04985476,0.45319068,-0.115973026,-0.10050655,0.08433875,0.98454845,-0.08370398,0.00071184605,-0.06600693,0.010330249,0.12145454,-0.0001656289,-0.9925433
0.016003415,-0.092486866,-0.0562251,0.45994624,-0.1215717,-0.10440373,0.099002115,0.98209924,-0.083712846,0.00081957644,-0.06478661,0.009205632,0.12180267,-0.00022709879
-0.99251163,0.21682434,-0.092513,-0.056223303,0.45995343,-0.121585175,-0.10440964,0.09902077,0.982095,-0.08472255,-0.00053521927,-0.060619384,0.0053454437,0.11842976
-0.00111257,-0.99294746,0.015751645,-0.09239375,-0.059693355,0.4658379,-0.129251,-0.098554246,0.10846158,0.98072284,-0.084440954,-0.00072975777,-0.05946703,0.0044985334
0.11824729,-0.0011279352,-0.9929734,0.16691284,-0.09239737,-0.059702415,0.46583563,-0.12925069,-0.09855092,0.10846603,0.9807227,-0.08198857,-0.0006241313,-0.06372377
0.004550731,0.11828516,0.00030200736,-0.9929692,0.3005417,-0.0907439,-0.06862702,0.46201497,-0.12036177,-0.09960911,0.11322162,0.98120946,-0.08338905,-0.00060271565
-0.07122545,0.0068165637,0.1182149,-0.00038337198,-0.9929646,0.015888974,-0.09080896,-0.062462326,0.4540995,-0.13221715,-0.0949213,0.114300184,0.9800225,-0.08363114
-0.00021349266,-0.07101673,0.008497748,0.11840121,4.0563784e-5,-0.9929295,6.560981e-5,-0.0913368,-0.06306175,0.45474178,-0.13237375,-0.09498658,0.114678964,0.9799508
-0.0835666,-0.00025542034,-0.068055175,0.006073322,0.118529506,0.00027011338,-0.99293196,0.21656494,-0.09229196,-0.06496692,0.45636854,-0.13170578,-0.095126644,0.115890354
0.9798847,-0.08329355,-0.0005017184,-0.06741232,0.007027092,0.11944446,-0.000974945,-0.99281555,0.01631622,-0.09089752,-0.07096985,0.4604662,-0.12369011,-0.097454995
0.12002895,0.9802022,-0.08217124,0.00015061413,-0.069528125,0.00912523,0.11868458,-6.933269e-5,-0.9928901,0.000103756785,-0.09041209,-0.071016856,0.46010497,-0.12321351
-0.0973384,0.12012673,0.98026186,-0.08150089,-0.00017283962,-0.07064657,0.008170257,0.11791396,0.000809582,-0.9929899,0.16662292,-0.0900477,-0.07085149,0.4597576
-0.12303712,-0.09715788,0.12019407,0.98029363,-0.08524809,0.00072531373,-0.08006074,0.010349871,0.11734335,-0.0022591494,-0.99303496,0.28274995,-0.09373934,-0.06689367
0.44905,-0.12850851,-0.09173204,0.12428049,0.97960466,-0.082675636,0.00046633254,-0.07911545,0.0116214305,0.12158031,-0.00015402402,-0.9925136,0.016209409,-0.09280801
-0.06776811,0.4504856,-0.12615137,-0.093299106,0.12606087,0.9795355,-0.08404726,8.265872e-5,-0.078312546,0.010273241,0.120919734,-0.0015689499,-0.9926079,0.15002899
-0.09280884,-0.06776777,0.4504875,-0.12615119,-0.09329846,0.12606151,0.9795355,-0.084944576,-0.0008112689,-0.0817678,0.0103608705,0.120981455,-0.0036074885,-0.9925942
0.016041562,-0.09713913,-0.06629488,0.44795445,-0.1295897,-0.09247835,0.13074747,0.97854966,-0.08427777,-0.00078162574,-0.081193775,0.011012878,0.12071738,-0.0032798024
-0.9926204,1.9833446e-5,-0.09687943,-0.06586968,0.44828504,-0.13002054,-0.09213378,0.13099462,0.97849196,-0.085080355,-0.00049974956,-0.080591135,0.012584675,0.12089871
-0.0034255786,-0.99257916,0.00013427436,-0.07318799,-0.058164675,0.45617372,-0.13011889,-0.0678055,0.12568706,0.9811597,-0.08520261,-0.0004968662,-0.07833934,0.012133953
0.1200573,-0.0036088459,-0.99268633,0.016545102,-0.046321534,-0.046799175,0.45956954,-0.13537686,-0.04012919,0.11417305,0.9833755,-0.08376086,-0.0007899923,-0.07696849
0.011632312,0.11428801,-0.0023324098,-0.99337685,1.2204051e-5,-0.03685244,-0.044658612,0.45928106,-0.13785668,-0.031818144,0.108681075,0.9839571,-0.08245571,-0.00020173611
-0.0761565,0.013545054,0.10971138,0.0006129788,-0.99387103,0.051159665,-0.036846753,-0.04466788,0.4592788,-0.13786039,-0.031807162,0.10868101,0.983957,-0.084083915
2.495828e-5,-0.07673313,0.014721364,0.11240379,-0.0011524078,-0.9935529,0.016613767,-0.041498832,-0.046348527,0.4596067,-0.14079134,-0.030937886,0.11237566,0.9831543
-0.08472545,-0.00017067138,-0.07783805,0.014139441,0.113331504,-0.002264358,-0.99345404,3.5092235e-5,-0.0504117,-0.054649986,0.4591991,-0.13808769,-0.039525185,0.11897599
0.98245317,-0.08448169,-0.00035194476,-0.07731703,0.012989564,0.113188766,-0.0012435343,-0.99348783,0.016484067,-0.078906655,-0.08701691,0.45438096,-0.13080451,-0.069382414
0.17904551,0.9726351,-0.084951505,-0.00046316505,-0.076697126,0.010742722,0.11628443,-0.0022048422,-0.9931554,0.31683046,-0.081618145,-0.089710556,0.45535386,-0.12709755
-0.07261163,0.1768048,0.9733005,-0.080438696,-0.00074769807,-0.073424526,0.005542863,0.11297298,0.0013714187,-0.99358165,0.01468353,-0.08363227,-0.086530685,0.45282435
-0.11481896,-0.09883617,0.15744598,0.9758375,-0.08354822,0.001000766,-0.074281245,0.010558758,0.10950862,0.0006134115,-0.9939296,5.0351024e-5,-0.09027551,-0.08892464
0.4507915,-0.11515824,-0.104041055,0.16062532,0.9747377,-0.08735009,0.00037323643,-0.07481474,0.008490838,0.11025987,-0.0021992025,-0.9938641,0.016636655,-0.084954076
-0.08019764,0.45032516,-0.1265471,-0.09205253,0.15419719,0.9755693,-0.08873551,0.0003923776,-0.073352434,0.008519936,0.11042926,-0.004346585,-0.99383795,0.31688386
-0.08356276,-0.07749493,0.4510802,-0.130656,-0.08935997,0.15225351,0.97558326,-0.0893068,-0.0002795857,-0.071400724,0.0061984966,0.11622401,-0.0054457653,-0.9931888
0.016491696,-0.08539241,-0.08348509,0.4551301,-0.13436098,-0.08537543,0.1570307,0.9746792,-0.08964836,-5.8107602e-5,-0.07135059,0.008169976,0.11311389,-0.0048228838
-0.9935368,1.9833446e-5,-0.085483536,-0.08431159,0.455151,-0.13394684,-0.08542028,0.1574726,0.974661,-0.089970686,-0.0003883934,-0.06994727,0.007826252,0.11178564
-0.0040771393,-0.9936932,0.016682431,-0.0863453,-0.08448563,0.45532826,-0.13316198,-0.08587743,0.15860134,0.97454536,-0.0905171,-0.0006340239,-0.06889388,0.006768706
0.11289279,-0.0060100555,-0.993566,0.00016479194,-0.08858757,-0.08466277,0.45614952,-0.1322352,-0.08726099,0.1606124,0.9742192,-0.09076431,-0.00086327456,-0.0688035
0.007504963,0.11538469,-0.0061903032,-0.99327326,0.016529843,-0.08874491,-0.08464026,0.45625803,-0.13221297,-0.087369695,0.1606989,0.9741982,-0.091301665,-0.0013413188
-0.06784323,0.0064426567,0.11650362,-0.005893804,-0.9931519,8.08686e-5,-0.088914126,-0.08459437,0.45638022,-0.13221432,-0.08748716,0.16075754,0.97417784,-0.09176568
-0.0011132634,-0.0672697,0.0063683325,0.11680386,-0.0070808628,-0.9931094,0.2166336,-0.08898985,-0.08459514,0.45644358,-0.13222001,-0.08753506,0.16078173,0.9741688
-0.091709,-0.0015180011,-0.06579604,0.006951499,0.116246864,-0.0076069697,-0.9931669,0.016835019,-0.09247186,-0.08411028,0.45985776,-0.13312323,-0.08878638,0.16431038
0.97334343,-0.09119927,-0.0016841772,-0.065613404,0.0075483215,0.116528496,-0.00793845,-0.993127,0.01620178,-0.09239297,-0.08408628,0.46000808,-0.13309953,-0.08890508
0.16447201,0.9733085,-0.091330014,-0.0014602768,-0.065086536,0.006625311,0.11650672,-0.0066894614,-0.99314535,0.00013427436,-0.09229524,-0.0840874,0.46011972,-0.13308488
-0.088955715,0.16454922,0.9732928,-0.09184693,-0.0010586348,-0.06401061,0.0062258462,0.11701534,-0.0075226696,-0.9930821,0.016491696,-0.09208373,-0.08418911,0.46032712
-0.13302398,-0.08899685,0.16465954,0.97327876,-0.09093207,-0.0010431635,-0.062039956,0.005271191,0.11668014,-0.007318201,-0.99312866,0.2333496,-0.09202521,-0.08421192
0.4603836,-0.1330009,-0.088997565,0.16467635,0.97327894,-0.093288444,-0.0009741972,-0.06169583,0.005368282,0.1148221,-0.007360677,-0.9933443,0.016300961,-0.09226436
-0.08286044,0.46323505,-0.13287953,-0.086215384,0.16464277,0.97355163,-0.093791276,-0.00032185292,-0.063108005,0.007954907,0.11381943,-0.00694084,-0.9934454,0.00044707954
-0.0926637,-0.08312734,0.46337008,-0.13303326,-0.086198345,0.16459858,0.9735396,-0.09391756,-0.000508212,-0.06305382,0.007469822,0.114918634,-0.007859843,-0.99331576
0.18298797,-0.09284324,-0.083146386,0.46337748,-0.13308029,-0.08621514,0.16460456,0.97353065,-0.0921679,-0.0011551416,-0.06726614,0.00954521,0.115871064,-0.008087253
-0.9931855,0.016369626,-0.09375661,-0.08184363,0.45873606,-0.13689427,-0.08980061,0.16107756,0.9732676,-0.09286195,-0.0008829385,-0.0687359,0.010145389,0.117014594
-0.008586662,-0.9930413,0.016674802,-0.093808316,-0.08185621,0.45866695,-0.13688503,-0.089851394,0.16106783,0.9732659,-0.09299345,-0.0005452523,-0.06799731,0.010564254
0.11743055,-0.007667941,-0.9929953,0.14998321,-0.09381395,-0.08185605,0.45866007,-0.13688506,-0.08985512,0.16106793,0.9732655,-0.093454346,-0.0009979124,-0.07189733
0.012613239,0.11604487,-0.009648308,-0.99311703,0.01643829,-0.09286013,-0.08127563,0.45790035,-0.13679881,-0.085618675,0.16587198,0.9728525,-0.09503701,-0.00061487214
-0.072961435,0.014702832,0.11725638,-0.009226136,-0.99295,0.00016479194,-0.0929409,-0.08131266,0.45785648,-0.1367613,-0.0856292,0.1658922,0.9728535,-0.09616014
-0.00090743497,-0.073394984,0.013508409,0.11804769,-0.010985232,-0.9928553,0.14996032,-0.092949964,-0.08131592,0.4578504,-0.13675766,-0.08562996,0.16589554,0.97285336
-0.09344722,-0.00096999365,-0.07370067,0.012618617,0.11681068,-0.010538151,-0.99301815,0.016529843,-0.09193657,-0.08182865,0.45576957,-0.13406985,-0.084189035,0.16564901
0.97339505,-0.09239906,-0.0009153292,-0.07327974,0.012496181,0.116844855,-0.009608255,-0.9930251,0.2331665,-0.09192937,-0.08182798,0.4557548,-0.13406016,-0.08417968
0.16565356,0.9733964,-0.093821004,-0.00072085793,-0.075249895,0.01098895,0.11674925,-0.010943031,-0.9930404,0.016476437,-0.09561746,-0.07898385,0.4542917,-0.133513
-0.0857589,0.16685107,0.9731292,-0.09284836,-0.0006420311,-0.07818472,0.014151537,0.11695012,-0.009296653,-0.9929935,0.16675262,-0.09562753,-0.07898919,0.45428106
-0.13351381,-0.08576345,0.16685094,0.97312874,-0.09311932,-0.0012221455,-0.07898942,0.010790427,0.119082645,-0.008919129,-0.9927857,0.016430661,-0.097769596,-0.07723093
0.44955453,-0.13326055,-0.08608936,0.1668239,0.97313935,-0.09384506,-0.0006208724,-0.07903063,0.011991035,0.12097816,-0.00842896,-0.992547,0.21670227,-0.09778051
-0.07722787,0.44959593,-0.13327006,-0.08609022,0.16683541,0.97313595,-0.09831303,-0.0019520723,-0.07415165,0.0046131276,0.119224876,-0.009915412,-0.9928071,0.016629025
-0.10355748,-0.078790225,0.45216605,-0.13654754,-0.08537856,0.17184828,0.97187114,-0.0983525,-0.0016642801,-0.07626571,0.0072149485,0.12199242,-0.011651486,-0.9924364
0.23323517,-0.10349763,-0.079036415,0.4528597,-0.1363029,-0.08532872,0.1710718,0.9720468,-0.10007857,-0.0010195815,-0.0743399,0.008155226,0.12163674,-0.0134292
-0.99245036,0.016407773,-0.1084689,-0.08332406,0.45766896,-0.1305332,-0.0871909,0.1623303,0.97417027,-0.09920558,-0.0016819106,-0.073343255,0.007651381,0.12048072
-0.013186427,-0.9925986,0.28339845,-0.10653104,-0.08434926,0.45842823,-0.12914716,-0.08721193,0.16158538,0.97447693,-0.09984482,-0.001847612,-0.0712405,0.010332354
0.12283208,-0.013563612,-0.99228096,0.01632385,-0.10426211,-0.08357955,0.45902073,-0.13810626,-0.08175394,0.16534798,0.97308946,-0.100663655,-0.001611098,-0.070679575
0.010668738,0.12372048,-0.014001095,-0.992161,7.323921e-5,-0.10034624,-0.07716289,0.46056327,-0.14371118,-0.07707683,0.16610104,0.9725311,-0.09993753,-0.0011312416
-0.07185416,0.013451638,0.1256045,-0.012483263,-0.9919107,0.016712949,-0.07791354,-0.054111436,0.46101224,-0.15570498,-0.053988747,0.15332307,0.97433734,-0.09891365
3.6937417e-6,-0.07499043,0.017879067,0.12133266,-0.011402711,-0.9923854,0.16313629,-0.07338328,-0.05271389,0.4589822,-0.15694158,-0.04997027,0.15473786,0.9741296
-0.09738695,8.881884e-5,-0.07994391,0.021486633,0.113563545,-0.010499633,-0.9932429,0.016461179,-0.072575495,-0.054739475,0.4539937,-0.15759334,-0.046125256,0.1583508
0.97363335,-0.09810147,-0.00067877234,-0.082837045,0.01959896,0.11449777,-0.013490425,-0.99313855,1.2204051e-5,-0.07670386,-0.06094333,0.44960406,-0.15408228,-0.05169758
0.15757339,0.9740414,-0.09799125,-0.0011073722,-0.08425174,0.017588934,0.11581268,-0.013589584,-0.9930224,3.5092235e-5,-0.085618734,-0.08062907,0.4420617,-0.14091253
-0.08251791,0.15058874,0.97501665,-0.09966132,-0.001316492,-0.08529373,0.014946371,0.12008908,-0.012995678,-0.9925656,4.5746565e-6,-0.09691234,-0.122639015,0.4239108
-0.12734199,-0.13065758,0.15208057,0.97138256,-0.1014991,-0.0013743764,-0.085409716,0.011618962,0.12558872,-0.011809803,-0.9919441,0.14997558,-0.09785091,-0.1275097
0.42264476,-0.12743704,-0.13245311,0.15591615,0.97051847,-0.11529328,-0.008159976,-0.09476586,-0.00010850936,0.14613764,-0.042728633,-0.9883411,0.01468353,-0.049904507
-0.2156047,0.30437696,-0.19024886,-0.15306135,0.043665808,0.96874714,-0.10912988,-0.007057156,-0.09144369,0.015504154,0.14848037,-0.017947355,-0.98863095,0.016613767
-0.050946143,-0.26704365,0.29102936,-0.18195443,-0.15358737,0.06362722,0.9691518,-0.10120473,-0.0035945654,-0.07856071,0.015737712,0.14277776,0.0007737611,-0.9896294
0.016651914,-0.07131902,-0.16580735,0.40011504,-0.15568715,-0.1171292,0.13675724,0.9712568,-0.09531039,-0.0010607145,-0.072006024,0.0065175546,0.11150432,0.0022812614
-0.99374,0.00018768013,-0.10278558,-0.08797911,0.47292042,-0.13267894,-0.07472153,0.22134417,0.96323407,-0.10071775,0.00073386054,-0.07166557,0.008881095,0.10581062
0.0025649813,-0.99434334,0.016468808,-0.117255114,-0.0754888,0.48071718,-0.12658374,-0.074195415,0.23608255,0.96059185,-0.10456637,-0.0003872104,-0.07401102,0.008718738
0.11688899,0.0032216536,-0.99310154,0.016781613,-0.11911651,-0.07642102,0.47869292,-0.12851632,-0.07255495,0.23840244,0.9598873,-0.10527876,0.0001369504,-0.07741107
0.012393402,0.12382594,0.00011234448,-0.99222654,0.01656036,-0.11457723,-0.076092064,0.47441524,-0.1391584,-0.06625958,0.23577584,0.95950735,-0.10556264,-0.0004194879
-0.077929646,0.011483843,0.12302269,-0.0013615474,-0.9923365,0.01681213,-0.11768398,-0.0801295,0.47243732,-0.14167884,-0.06771657,0.23646002,0.95886827,-0.10699847
-0.00047182583,-0.079051666,0.008823555,0.12073958,-0.0047856523,-0.9926335,0.000119015574,-0.1181512,-0.08035259,0.47290343,-0.14137979,-0.06817594,0.2373293,0.9586651
-0.10912027,-0.0005009064,-0.08099899,0.010094878,0.12081204,-0.0082848715,-0.99258953,0.21749572,-0.11818,-0.0803893,0.47296634,-0.141345,-0.06818744,0.23745179
0.958639,-0.10960035,-0.00089505187,-0.08615449,0.011389587,0.122071184,-0.010285346,-0.99240273,0.0007751435,-0.11787658,-0.080265,0.47060052,-0.14025976,-0.06577114
0.24430314,0.9572447,-0.10993247,-0.0013041866,-0.08586652,0.01010808,0.12224879,-0.010884989,-0.9923883,0.31770784,-0.11783806,-0.08027116,0.47064918,-0.14023559
-0.06569675,0.24439892,0.9572289,-0.10772357,-0.001849022,-0.07816269,0.012388733,0.12463712,-0.013182546,-0.9920375,0.33318788,-0.12144685,-0.082918815,0.4810524
-0.13872986,-0.06462756,0.2499482,0.95608747,-0.10823347,-0.00072620244,-0.08296168,0.014856279,0.12218936,-0.013175631,-0.99230814,0.016583249,-0.11896604,-0.080170624
0.47278842,-0.14426844,-0.061311003,0.2521129,0.95491713,-0.10802354,-0.00016911456,-0.08415264,0.015967188,0.12283409,-0.01230136,-0.9922225,0.199971,-0.1189879
-0.080180496,0.47278166,-0.14426076,-0.061329667,0.252124,0.95491415,-0.11013692,-0.00054357346,-0.082001515,0.013599975,0.122783005,-0.015560238,-0.9922184,0.000103756785
-0.12634175,-0.08330915,0.47569236,-0.14008223,-0.06852846,0.25420907,0.95449394,-0.110258535,-0.000283377,-0.08128302,0.013545378,0.124816485,-0.015758641,-0.99196225
0.18333893,-0.12702565,-0.08404914,0.47599545,-0.13996154,-0.06911919,0.2547128,0.95433474,-0.111077905,-0.0010151356,-0.07905814,0.013005872,0.12961549,-0.01751956
-0.99132425,0.016224667,-0.12694429,-0.08375892,0.47605932,-0.14247379,-0.06724378,0.25469428,0.95410186,-0.11104834,-0.0006438747,-0.07944929,0.014311202,0.12889001
-0.017239427,-0.9914058,0.13333587,-0.12694429,-0.08375892,0.47605932,-0.14247379,-0.06724378,0.25469428,0.95410186,-0.1126387,-0.00096965453,-0.081804596,0.01283444
0.1272544,-0.018056065,-0.9916227,0.016499326,-0.12612478,-0.08286755,0.4776523,-0.14512448,-0.06479275,0.25674066,0.9533232,-0.113352984,-0.0014235539,-0.08209506
0.013352342,0.12628455,-0.018930152,-0.99172354,0.14998321,-0.12612912,-0.082869366,0.4776474,-0.14512455,-0.0647926,0.2567438,0.95332235,-0.11551907,-0.001785323
-0.07930554,0.012397018,0.12844756,-0.020876465,-0.9914191,0.01657562,-0.13007285,-0.08495732,0.47715145,-0.14374761,-0.06608546,0.25841248,0.9529913,-0.11561285
-0.0020772526,-0.07994784,0.012338647,0.127853,-0.019787796,-0.991519,0.14986877,-0.13007285,-0.08495732,0.47715145,-0.14374761,-0.06608546,0.25841248,0.9529913
-0.11670218,0.00017236883,-0.084799774,0.017681789,0.12878959,-0.022053352,-0.99126905,0.016392514,-0.12700064,-0.0819366,0.4738875,-0.14411534,-0.06317661,0.26122102
0.9523671,-0.11727844,0.00020686258,-0.08622211,0.018278273,0.12966944,-0.021284578,-0.9911603,0.23335724,-0.12701485,-0.081959344,0.4738698,-0.14411706,-0.06318374
0.26122943,0.9523641,-0.117512584,0.00021639629,-0.09166187,0.015520259,0.1257451,-0.022030327,-0.9916965,0.016247556,-0.12802577,-0.07960716,0.46659073,-0.14404745
-0.067317314,0.26064268,0.95225215,-0.1170653,-0.00054224615,-0.094827354,0.015439677,0.12707677,-0.020896537,-0.9915526,0.016789243,-0.12574905,-0.0771965,0.46540672
-0.1448669,-0.06391109,0.26013193,0.9525022,-0.11723267,-0.00021901645,-0.09878978,0.01954875,0.12934017,-0.021526873,-0.9911738,0.01656036,-0.093794234,-0.059038553
0.4668882,-0.14598139,-0.023936411,0.23934552,0.959599,-0.11446945,0.00011344161,-0.10066788,0.021461304,0.12549761,-0.020209596,-0.9916559,0.000103756785,-0.0731832
-0.048920527,0.46592516,-0.14713433,-0.00598526,0.23101959,0.9617409,-0.11178521,0.00070967886,-0.10234913,0.0248714,0.11884791,-0.018602928,-0.99242663,0.06811218
-0.07147376,-0.048837826,0.46459445,-0.14780542,-0.004013893,0.23174006,0.96147496,-0.11115278,0.0009136393,-0.10147377,0.027384667,0.11727863,-0.018502748,-0.992549
0.016522214,-0.07659848,-0.052907966,0.4656989,-0.14889869,-0.003006954,0.24097288,0.9590372,-0.11332826,0.00045485655,-0.098139785,0.025003804,0.11916952,-0.020202726
-0.99235344,0.016781613,-0.092435956,-0.061676864,0.46770552,-0.14309685,-0.017759515,0.23646946,0.96087986,-0.113780424,-0.0011760114,-0.093176484,0.018573679,0.11968949
-0.024034394,-0.99234664,0.016682431,-0.13727687,-0.090482295,0.45595372,-0.1312732,-0.07946893,0.19336578,0.969052,-0.113107674,-0.0033423551,-0.08973373,0.012725464
0.1280188,-0.02027595,-0.9914828,0.2999695,-0.14495453,-0.12722732,0.43906868,-0.10472444,-0.13742648,0.051414497,0.9836175,-0.11474573,-0.0067145494,-0.051382802
0.0023943272,0.16758624,-0.009134937,-0.9858122,0.013508603,-0.012951835,-0.4042394,0.2742259,0.024379589,-0.13992643,0.04258423,0.9889453,-0.1125125,-0.008117168
-0.04427677,-0.0063652447,0.15884185,-0.004113095,-0.98727494,0.016720578,-0.019721368,-0.3895035,0.27342284,0.00914665,-0.14092232,0.042083535,0.9890836,-0.10657961
-0.008441471,-0.04362163,-0.0075022355,0.13627493,0.00022506707,-0.9906426,0.00024871528,-0.033886895,-0.37599263,0.27414173,-0.021295,-0.15192838,0.073915444,0.98539376
-0.093811534,-0.0136572365,-0.033511326,-0.044861335,0.06991473,0.0058116717,-0.9965268,4.5746565e-6,0.01869566,-0.26187554,0.36620474,-0.085396565,-0.09675715,0.014469951
0.9915322,-0.06980618,0.00017636502,-0.044511236,0.026127266,-0.034259193,0.019926582,-0.9988727,4.5746565e-6,0.08865104,-0.11631913,0.46187076,-0.10267287,0.01859232
0.096028045,0.98989457,-0.0604431,0.0012278748,-0.05565301,0.040468827,-0.07189583,0.024498563,-0.9962897,0.016789243,0.1486994,-0.044382486,0.48363644,-0.079896644
0.10784596,0.12263992,0.98333377,-0.062178623,0.0010990718,-0.05405383,0.03194556,-0.07427807,0.021160992,-0.99650115,0.01643829,0.16623865,-0.041399032,0.47832325
-0.07409289,0.12622519,0.13354109,0.9801757,-0.06379622,0.0004925715,-0.053050343,0.030947728,-0.066074714,0.015705109,-0.997211,0.016758725,0.16219337,-0.0364499
0.473215,-0.08589766,0.12787741,0.14873919,0.9768038,-0.06257728,0.00073624006,-0.052513145,0.03322417,-0.06627371,0.016353644,-0.9971141,0.016987607,0.15641378
-0.030137911,0.47161347,-0.09802594,0.12742679,0.15664914,0.97448164,-0.06517285,0.0009721799,-0.053858794,0.03580148,-0.06113958,0.015536319,-0.99736595,0.16637878
0.15604863,-0.03055309,0.4719555,-0.09824888,0.12753114,0.15704526,0.97438174,-0.067467995,-0.00092770846,-0.052867074,0.029207507,-0.05367827,0.013014995,-0.9980462
0.013951108,0.1251935,-0.047178656,0.43516567,-0.17311761,0.087644905,0.11978755,0.9736527,-0.09223238,-0.003717694,-0.052515503,0.020121327,0.052907594,0.005469112
-0.99838173,0.016651914,-0.0034236908,-0.23123199,0.29777738,-0.15287794,-0.22207122,0.09950247,0.95781624,-0.109586574,-0.0037236598,-0.050352067,0.02074529,0.16917028
-0.0056212605,-0.98535246,0.00012664497,-0.053841613,-0.37380996,0.26342985,-0.032237194,-0.28734696,0.10622127,0.95137244,-0.09757497,-0.010333242,-0.039188106,-0.0129397875
0.16895324,0.006059426,-0.98552054,0.016522214,-0.06334287,-0.34550214,0.31236655,-0.04115223,-0.23336509,0.13681234,0.96183664,-0.08766857,-0.016436405,-0.0364116
-0.05678526,0.12316733,0.018923119,-0.9905792,8.8497996e-5,-0.06424228,-0.2698171,0.39856112,-0.049133,-0.14878988,0.16272444,0.97415006,-0.08056109,-0.01745987
-0.04016699,-0.060705815,0.08450229,0.017406447,-0.99442005,0.016720578,-0.021399342,-0.22462991,0.46133563,-0.031730287,-0.06350372,0.17305732,0.9823501,-0.08255511
-0.016030397,-0.042122863,-0.058453623,0.07784466,0.015482722,-0.99513,0.016522214,-0.0071375538,-0.2187872,0.4617596,-0.026805788,-0.056394406,0.17808643,0.98203176
-0.07998233,-0.01682382,-0.04122538,-0.061465792,0.071978845,0.014412316,-0.9954061,0.010914609,-0.005425381,-0.22216086,0.45175344,-0.029810479,-0.057215326,0.17433095
